Name,Description,"Vegetarian/
Non-Vegetarian"
Aloo gobi,"Cauliflower with potatoes sautéed with garam masala, turmeric, sometimes kalonji and curry leaves.",Vegetarian
Aloo tikki,Patties of potato mixed with some vegetables fried,Vegetarian
Aloo matar,Potatoes and peas in curry,Vegetarian
Aloo methi,Potato with fresh Methi leaves.,Vegetarian
Aloo shimla mirch,"Green capsicum with potatoes sautéed with cumin seeds, onions, tomatoes, ginger-garlic paste, turmeric, red chilli powder and garam masala",Vegetarian
Amriti with rabdi,a dessert made by combining amriti with rabdi,Vegetarian
Amritsari fish,"Fried fish made with curry, ginger, and garlic",Non-Vegetarian
Amritsari kulcha,mildly leavened flatbread,Vegetarian
Baati,"hard, unleavened bread cooked in most of areas of Rajasthan, and in some parts of Madhya Pradesh, and Gujarat states of India.",Vegetarian
Bhatura,a fluffy deep-fried leavened bread originating from the Indian subcontinent.,Vegetarian
Bhindi masala,Okra sautéed with onions and tomatoes,Vegetarian
Biryani,"Mixed rice dish, optional spices, optional vegetables, meats or seafood. Can be served with plain yogurt.",Non-Vegetarian
Butter chicken,"dish, originating in the Indian subcontinent, of chicken in a mildly spiced tomato sauce. It is also known as murgh mahal",Non-Vegetarian
Chaat,"Street food. Usually containing potato patty fried in oil, topped with sweet yogurt, and other sauces and spices",Vegetarian
Chana masala,Chickpeas of the Chana type in tomato based sauce.,Vegetarian
Chapati,"unleavened flatbread originating from the Indian subcontinent and staple in India, Nepal, Bangladesh, Pakistan, Sri Lanka, East Africa and the Caribbean.",Vegetarian
Chicken razala,a Bhopali style chicken cooked in a rich gravy with mint,
Chicken Tikka,Chicken with spices served on a skewer,
Chicken Tikka masala,Chicken marinated in a Yogurt tomato sauce. It is known to have a creamy texture.,
Chole bhature,"Main course with Chick peas, assorted spices, wheat flour and bhatura yeast.",Vegetarian
Daal baati churma,a Rajasthani specialty,Vegetarian
Daal puri,Stuffed dal in parathas,Vegetarian
Dal makhani (kali dal),a main course with lentils,Vegetarian
Dal fara,,Vegetarian
Dal,"Assorted types of lentils, sucfch as toor, urad, chana, masoor dal",Vegetarian
Dal fry with tadka,Typical north Indian tadka,Vegetarian
Dum aloo,Potatoes cooked in curry,Vegetarian
Poha,"Specialty from Madhya Pradesh. Common snack in central part of India. Flattended rice, potato, turmeric.",Vegetarian
Fara,Stuffed Lentil Dumplings,Vegetarian
Firni,This is a dessert made of fine flour and ghee that is made only in Pundri.,Vegetarian
French bean aloo,"Diced French beans with potatoes cooked with chopped onions, tomatoes sautéed with cumin seeds, green chillies and garam masala",Vegetarian
Gajar ka halwa,"sweet dish native to U.P. / Punjab. Carrot, Milk, Ghee, Cashew.",Vegetarian
Gajar matar aloo,"Diced red/orange carrots and potatoes sautéed with black mustard leaves, garnished with ground black pepper powder and lemon juice",Vegetarian
Gobhi matar,Cauliflower in a tomato sauce,Vegetarian
Imarti,spherically meshed sweet dish from North India made up of batter from moong dal dipped in sugary syrup,Vegetarian
Hari mutter ka nimona (green peas daal),a Typical north Indian tadka,Vegetarian
Jalebi,A North Indian twisted noodle like sweet dish dipped in sugary syrup,Vegetarian
Jaleba,A bigger form of jalebi,Vegetarian
Kachori,Rajasthani / Marwari special,Vegetarian
Kadai paneer,Paneer and green peppers in tomato gravy,Vegetarian
Kadhi pakoda,Gram flour with yogurt with gramflour fried balls,Vegetarian
Karela bharta,a bitter gourd or melon dish,Usually vegetarian
Katha meetha petha / halwakadoo,Pumpkin cooked in spices,Vegetarian
Kheer,Rice cooked with milk and dry fruits,Vegetarian
Khichdi,Rice cooked with daal and veggies and sauteed,Vegetarian
Kofta,"Gram flour balls fried with vegetables. Gram flour, veggies, rolled into balls with gram flour and fried in oil and then cooked with curry.",Vegetarian
Kulfi falooda,dessert to ward off sweltering heat of summers,Vegetarian
Lauki ke kofte,a way to serve bottle gourd,Vegetarian
Lauki ki subji,a way to serve bottle gourd,Vegetarian
Litti chokha,a baked salted wheat flour cake filled with sattu (baked chickpea flour) and some special spices,Vegetarian
"Makki di roti, sarson da saag","Creamed sarson mustard leaves, with heavily buttered roti made from corn flour. Punjabi winter favorite.",Vegetarian
Mathura ke pede,a sort of a confection,Vegetarian
"Methi saag, chaulai saab",Veggie leaves sauteed in oil and garlic with little masalas. Cooked mostly in central part of India.,Vegetarian
Misi roti,"Whole wheat & gram flour dough ground masalas, pan fried",Vegetarian
Mixed vegetable,"mixed vegetables, slow cooked with a tomato sauce added.",Vegetarian
Moong dal ka halwa,"a dish made with yellow lentils, milk, sugar, and nuts",Vegetarian Dessert
Murgh musallam,,Non-Vegetarian
Mushroom do pyaza,Mushrooms & Onions in a tomato masala sauce spiced with chilles,Vegetarian
Mushroom matar,Mushrooms and sweet peas in a masala or chili sauce,Vegetarian
Naan,Tandoor-baked soft flatbread made with refined wheat flour.,Vegetarian
Navrattan korma,"Vegetables, Nuts, Paneer Cheese in a tomato cream sauce",
Pakhala,Cooked rice with water,Vegetarian
Palak paneer,Paneer cubes in spinach gravy,Vegetarian
Paneer butter masala,Paneer made with Indian Cheese. Paneer is substituted for meat in Vegetarian dishes,Vegetarian
Paneer tikka masala,vegetarian alternative to chicken tikka masala,Vegetarian
Pani puri,a typical Indian tadka,Vegetarian
Panjeeri,"a mixture of butter, dried fruits and whole wheat flour served as a dessert.",Vegetarian
Papad,"A crispy add on to Lunch and Dinner, for adding a spicy and crunchier taste to food.",Vegetarian
Paratha,"flatbread native to the Indian subcontinent, prevalent throughout the modern-day nations of India, Sri Lanka, Pakistan, Nepal, Bangladesh, Maldives, and Myanmar, where wheat is the traditional staple",Vegetarian
Pattor,A flour based snack,Vegetarian
Phirni,a rice Pudding,Vegetarian
Pindi chana,a chickpea dish,Vegetarian
Pinni,An almond based dessert,Vegetarian
Rajma chaval,a bean curry with rice,Vegetarian
Rajma,Main. Kidney beans & assorted spices.,Vegetarian
Ramatori subji,a spicy side dish made with any two vegetables i.e. potatoes and cabbage,Vegetarian
Rongi,"Black eyes peas, onions and tomatoes in a curry sauce",Vegetarian
Samosa,"Normally served as an entree or appetiser. Potatoes, onions, peas, coriander, and lentils, may be served with a mint or tamarind sauce",Vegetarian/meat varieties
Samose,a typical north Indian tadka,Vegetarian
Sattu ki roti,a dish from Bihar,Vegetarian
Shahi paneer,"A popular Indian, as well as Punjabi and Nepalese dish, made with paneer in a thick cream and tomato gravy and spices",Vegetarian
Shahi tukra,"a bread pudding in a rich sauce of thickened milk, garnished with sliced almonds",Vegetarian
Singhada halwa,Lotus fruit dried and powdered to make this fasting sweet meat,Vegetarian
Sooji halwa,"Semolina cooked with clarified butter and dry fruits. Semolina (Suji), clarified butter, cashew nuts.",Vegetarian
Sweet pethas / kesar petha / pista petha,A ravioli like dessert stuffed with a choice of fillings and equally popular in various parts of India and Pakistan,Vegetarian
Vegetable jalfrezi,Meat and spices fried in a pan. Can be vegetarian as well.,Vegetarian
Tandoori Chicken,Tandoori chicken as a dish originated in the Punjab before the independence of India and Pakistan.,Non-Vegetarian
Tandoori Fish Tikka,Fish marinated in lime and ginger and cooked over an open fire.,
Attu,"Several types are made with several type of flours including rice flour, urad dal,semolina and wheat flour. This is the name of it in Andhra Pradesh which is also called Dosa. Attu is coarse than Dosa.",Vegetarian
Avial,"Coconut paste, curd mixed with vegetables and some spices.",Vegetarian
Halwa,Maida or Sugarcane fritters which are known as Halwa in South India India and,Vegetarian
Biryani,Spicy rice dish with vegetables or chicken or mutton or fish or prawns.,Depends on choice
Bisi bele bath(Karnataka),Rice preparation with vegetables.,Vegetarian
Bonda,"Snack. Potatoes, gram flour.",Vegetarian
Chettinadu Chicken,Dish made chicken and spices,Non-Vegetarian
Chicken 65,"Popular deep fried chicken preparation. Chicken, onion, ginger",Non-Vegetarian
Currivepillai sadam (Tamil Nadu),Curry leaves and rice,
Dibba rotti,"It is a breakfast item made in Andhra pradesh and is also called Minaparotti. Made with rice, urad dal. Tastes good with a chutney.",Vegetarian
Dosa,"Pancake/Hopper. Ground rice, urad dal",Vegetarian
Double ka meetha,Bread crumbs fried in ghee and dipped in milk and sugar syrup,Sweet
Ennai kathirikkai,Ennai Kathirikkai,
Goli bajje,a snack with Gram flour.,Vegetarian
Idiappam(Tamil Nadu),Steamed rice noodles or vermicelli with Ground rice,Vegetarian
Idli,"Steamed cake of fermented rice and pulse flour. Rice, urad dal",Vegetarian
Indian omelette,Egg omelette or veg omelette,
Kaara kozhambu(Tamil Nadu),a dish used with rice made of chilli powder and tamarind,
Kanji,a rice porridge,Vegetarian
Keerai kootu(Tamil Nadu),Green leaves kootu,
Keerai masiyal,Ground green leaves used as a side dish for rice or mixed with rice.,
Keerai poriyal,Green leaves mixed with daal and coconut with little oil,
Keerai sadam(Tamil Nadu),Rice and green leaves,
Kerala_Beef_Fry,"Beef, onions, spices, coconut, curry leaves",Non-vegetarian
Koottu,"Vegetable, daal or lentil mixture boiled in water",Vegetarian
Kori rotti,,
Kos kootu,a cabbage and lentil dish used for rice,
Koshambri,A cucumber salad dish popular in Karnataka. Prepared during festivals.,Vegetarian
Kothamali sadam,Coriander rice,
Kuzhakkattai,"Dumplings with Rice flour, jaggery, and coconut",Vegetarian
Kuzhambu,Thick soup with coconut and vegetables,Vegetarian
Masala Dosa,Dosa with masala and potato.,Vegetarian
Nandu omelette,an omelette with pieces of crab and spices,Non-Vegetarian
"Obbattu (holige, bobbattu, pooran-poli)","A stuffed (moong gram dal and jaggery or coconut poornam) paratha. Dish native to South and West India in the states of |-Karnataka, Andhra Pradesh and Maharashtra || Vegetarian",
Olan (dish),"Light and subtle-flavored Kerala dish prepared from white gourd, ash-gourd or black-eyed peas, coconut milk and ginger seasoned with coconut oil.",Vegetarian
Pachadi,"Side dish made with yoghurt, coconut, ginger and curry leaves and seasoned with mustard.",Vegetarian
Paniyaram,a dish made of rice flour and black gram,Vegetarian
Papadum,Thin deep fried disk served as meal accompaniment,Vegetarian
Paravannam,"A delicious sweet dish made with Rice, jaggery made in Andhra pradesh.",Vegetarian
Parotta (Kerala),a layered kerala parotta made with maida and dalda.,Vegetarian
Paruppu sadam,Daal rice,
Payasam,"Rice dessert. Rice, milk.",Vegetarian
Pesarattu,"Dosa (pancake or crepe) of Andhra Pradesh made from moong dal (lentils), grains and spice batter.",Vegetarian
Pongal,Pulao,Vegetarian
Poriyal,"Side dish for rice prepared from one or more vegetables. Oil stirred, with daal half boiled and coconut / mustard seeds.",
Puli sadam,Tamarind rice,
Puttu,Ground rice,
Ragi mudhe,"A lump of finger millet, flour and Water. After cooking the little balls can be dipped in Chutney",Vegetarian
Rasam,"A spicy and sour soup usually made with tamarind, tomatoes, pepper and other south Indian spices. Usually eaten with rice.",
Sajjige,a sweet dish,
Sakkara pongal,a sweet rice dish,
Sambar,"Lentil soup cooked with vegetables and a blend of south Indian spices (masala). Usually taken with rice, idli, dosa, pongal or upma.",Vegetarian
Sandige(Karnataka),"Deep fried meal accompaniment made with rice, sago and ash gourd",Vegetarian
Sevai,Kind of rice vermicelli used for breakfast,
Sevai lunch,Kind of rice vermicelli mixed with either tamarind or lemon or coconut.,
"Thayir sadam, mosaranna",a curd rice dish,
Theeyal,"Kerala sauce made from a mixture of spices consisting of roasted coconut, coriander seeds, tamarind water, dried red chili and fenugreek.",Vegetarian
Thengai sadam,a coconut rice dish,
Uttapam,Rice pancake/hopper with a topping of onions / tomatoes / coconut,Vegetarian
Vada,Savory donut. Urad dal.,Vegetarian
Varuval,Vegetables fried in shallow oil,
Wheat upma,A breakfast dish and snack. Upma prepared from wheat dhalia rava.,Vegetarian
"Yelumincham sadam, chitranna",Rice with lemon juice,
Amti,a Lentil curry with Split lentils.,
Zunka or Pitla,"A dish made of besan (gram flour) with minced onion, green chilles,and coriander (cilantro) . Usually eaten with bhakri or chapati.",
Kolim / Jawla,A preparation of dried fish named Kolim or Jawla found in coastal Maharashtra with onion and spices. Usually eaten with bhakri or chapati,
Saath,A chewy plain flat circular sweet made of dried mango (sometimes jackfruit) juice/pulp.Usually made in Konkan region of Maharashtra ||,
Naralachi vadi / Khobryachi vadi / Coconut vadi,A sweet made of coconut and sugar syrup which is cooled and dried till it becomes firm. Usually made in konkan region,
Bajri no rotlo,Bread made with thick millet flour flatbread usually grilled over coals.,Vegetarian
Modak,A maharashtrian sweet dish made of steamed rice flour with coconut and jaggery filling,
Barfi,Sweet,
Basundi,Sweet made from milk by continuous heating to a point before condensing.,
Bhakri,"Whole wheat flour bread, thicker than rotli, crispy.",
Karanji,A crispy sweet dish from Maharashtra,
Bombil fry,Main Course; Bombay Duck (Fish).,
Chaat,Snack,Vegetarian
Chakri (chakali),a Savoury snack. Mixed grain flour.,Vegetarian
Chevdo,"Mixture of Flattened rice, groundnut, chana, masala.",
Cholafali,snack,
Chorafali,"Spicy. Ground charudala, masala, sprinkle with red chili powder on top.",
Copra paak,"Sweet coconut halwa/barfi: Halwa is soft, barfi more like cake.",
Daal Dhokli,Daal Dhokli is widely cooked and eaten all over Rajasthan and Gujarat. Very small dumplings of wheat flour are cooked along with green gram and whole red chili and red mustard is used as tempering.,Vegetarian
Dabeli,"Snack made by mixing boiled potatoes with a special dabeli masala, putting the mixture in a ladi pav",Vegetarian
Dahi vada,"Fried lentil balls in a yogurt sauce. Lentils, yogurt.",Vegetarian
Dalithoy,Soup made with split yellow lentils.,Vegetarian
Dhokla,Lentil snack. Gram.,Vegetarian
Doodhpak,A milk-based sweet dessert with nuts,
Dudhi no halwo,Sweet. Bottle gourd halwa,
Dum aaloo,"Main dish. Potatoes deep fry, yogurt, coriander powder, ginger powder.",Vegetarian
Pohe,Snack. Flattened rice,Vegetarian
Gajar halwo,Sweet. Carrot Halwa,
Gatta curry,Curry with steamed dumplings made from chickpea flour cooked in a spiced yoghurt sauce.,Vegetarian
Ghari (sweet from Surat),Sweet,
Ghooghra,Sweet,
Gud papdi (Gol papdi),Sweet,
Gulab jamun,Sweet,
Halvasan,Sweet,
Handwo (steamed dish),Snack,
Gur,Sweet unrefined brown sugar sold in blocks[3].,
Jalebi,"Sweet maida & grained semolina flour, baking powder, curd, sugar.",Sweet
Jeera Aloo,Typical West Indian dish,Vegetarian
Juvar no rotlo,Thick sorghum flatbread.,
Kansar,Sweet,
Keri no ras,Sweet,
Khakhra,"Gujarati Snack. Wheat flour, methi.",
Khandvi,Snack. Besan.,
Kombdi vade,Chicken Curry with Bread. Chicken.,
Koshimbir,"a salad, usually served as a side",
Laapsi,Sweet coarse ground/ broken wheat cooked with butter and sugar.,
Laddu,Sweet,
Locha,"Surat (Gujarat) special Spicy dish. Ground chanadal, masala.",
Malpua,Sweet,
Methi na Gota,Snack. Fried fenugreek dumplings.,
Modak,"Sweet coconut dumplings. Rice flour, coconut.",
Mohanthal,a sweet prepared from gram flour and ghee dry fruits,
Muthiya,"Gujarati Snack. Whole wheat flour, methi leaves, besan/chickpeas flour and coriander leaves/cilantro.",
Oondees,Breakfast delicacy. Spherical shaped rice or semolina about four inches (10 cm) in diameter.,
Panipuri,Snack,
Patra,"Snack. Taro leaves, coconut, seeds, dal.",
Pav Bhaji,"Mixed curry of onion, capsicum, peas, cauliflower potatoes.",
Penda,Sweet,
Pooran-poli,"Sweet stuffed bread. Wheat flour, gram.",
Puri,Bread. Wheat flour.,
Puri Bhaji,Breakfast or Snack,
Rasya muthia,Snack. A spicy yogurt dumpling soup.,
Sabudana Khichadi,Vegetarian Snack. Sago.,
Sev khamani,"Chana dal, green chillies, ginger, lemon juice and olive oil.",
Sev tameta,Veggis with potatoes and sev.,
Shakarpara,A deep fried snack made out of sugar and wheat.,
Namakpara,Snack. A deep fried snack made out of salt and Gram Flour .,
Shankarpali,"Sweet or savoury snack. Plain flour, sugar.",
Shiro,"Sweet roasted semolina/flour/dal with milk, butter, sugar, nuts and raisins.",
Shrikhand,"A thick yogurt-based sweet dessert garnished with ground nuts, cardamom, and saffron.",
Sohan papdi,Sweet,
Soonvali,Snack,
Sukhdi,Sweet,
Surnoli,Pancakes that have holes. are yellow and puffy. They are about 10 inches (25 centimeters) in diameter and often served with butter.,
Sutarfeni,Sweet,
Thalipeeth,Savoury pancake. Mixed grain flour.,
Undhiyu,"Mix veggi. Plantain, brinjal, carrot, green chillies, potatoes, fresh coconut and other vegetables. Gujarati food.",
Upmaa,"a dish originating from the Indian subcontinent, cooked as a thick porridge from dry-roasted semolina or coarse rice flour.",
Vada pav,"Burger. Gram flour, potatoes, chilli, garlic, ginger.",
Veg Kolhapuri,Mixed vegetables.,
Vindaloo,"Goan pork vindaloo. Pork, goan red chilli paste.",
Ghebar or Ghevar,Sweet from Surat,
Lilva Kachori,Snack. Lilva and whole wheat flour.,
Maghaz,,
Undhiyu,"The signature winter Gujarati dish. Curry of mixed vegetables like surti papdi, ratalu, potatoes, carrot, green garlic, tuvar dana, waal dana etc. rich in oil and spices generally accompanied by puri or roti.",
Mag Dhokli,"an Indian dish made of lentils and fresh dough with Indian spices, it is dry and not liquidy like daal dhokli.",
Khichu,"It is made by boiling the rice flour in water with seasoning, subtle in taste and accompanied by oil and methi masala.",
Thepla,"A signature Gujarati snack which is a parantha with seasoning, made from wheat flour, this dish is generally accompanied by condiments like pickles, green chillies, etc. It is also known as Dhebra, Chopda etc. in various regions.",
Farsi Puri,"It is a Gujarati snack which is also known as mathri in other regions of India, it generally made from wheat flour, all purpose flour etc.",
Khaman,Made by steaming gram flour batter with flavorful seasoning accompanied with chutney.,
Turiya Patra Vatana sabji,A vegetable curry made generally in winters.,
Mohan thaal,A sweet dish.,
Churma Ladoo,"A sweet dish made with wheat flour, ghee, sugar or jaggery and dry fruits.",
Cheera Doi,A breakfast cereal.,Vegetarian
Dhup Pitha,A sweet Assamese specialty,Sweet
Gheela Pitha,A Sweet Assamese specialty,Sweet
Hurum,A Breakfast cereal; an Assamese specialty,
Khar,"An Assamese specialty side dish: papaya, banana, soda",
Kumol Sawul,A Breakfast cereal; an Assamese specialty. Soft rice with cream & jaggery.,
Loskora (Coconut Laddu),Sweet,
Luchi,"A Puffed bread, fried in oil, made from flour. A Bengali specialty",
Malpua/Malpoa,Sweet Snacks. Specially in Odisha .,Sweet
Momo,"Originally from Tibet, it is a popular snack/ food item in India.",
Muri Naaru,A sweet Bengali specialty.,
Pani Tenga,a pickled dish made from mustard.,
Sunga Pitha,A Sweet Assamese specialty,
Alu Pitika,a dish made of mashed potato.,
Masor tenga,An Assamese fish stew cooked with any of a variety of sour fruits including tomatoes.[3],
Bengena Pitika,A dish made of mashed brinjal.,
Bilahi Maas,A fish curry cooked with tomatoes.,
Black rice,A special local variety of rice,
Bora Sawul,"A breakfast cereal; an Assamese specialty. Sticky rice, sugar or jaggery.",
Brown Rice,A special local variety of rice.,
Chhenagaja,"Odia Dessert. Cottage cheese, flour, sugar syrup.",
Chhenapoda,"Dessert. Cottage cheese, flour, sugar syrup. Oriya Specialty.",
Chingri malai curry,"Curry. Prawn, coconut, mustard, steamed. Traditional Bengali Dish.",
Dal,Lentils.,
Goja,A Sweet Bengali Specialty,
Hando Guri,A Breakfast cereal; an Assamese specialty,
Haq Maas,A Fish curry cooked with leafy green vegetables.,
Horioh Maas,A Golden Mustard Fish Curry.,
Ilish or Chingri Bhape,"Curry. Ilish (Hilsha fish) or prawn, coconut, mustard, steamed. Traditional Bengali Dish.",
Kabiraji,A popular non-vegetarian Indian dish in eastern India prepared using chicken and fish,
Kharoli,Pickle made from mustard; an Assamese specialty,
Khorisa,Pickle made from bamboo shoot; an Assamese specialty,
Koldil Chicken,Chicken cooked with banana flower; an Assamese specialty,
Koldil Duck,Duck meat cooked with banana flower; an Assamese specialty,
Konir Dom,Egg curry.,
Lai Haq Maas,Fish Curry with herbs & lemon.,
Litti,Balls of wheat and sattu baked in oven and served with mashed potatoes (chokha),
Maasor Tenga,Tomato Fish Curry.,
Machher Jhol,"A currt of fish, and various spices.",
Masor Koni,A fish delicacy.,
Masor Petu,A fish delicacy.,
Mishti Chholar Dal,"A curry with Bengal gram, coconut, and sugar. Bengali Specialty.",
Mishti Doi,"A dessert with curd, sugar syrup and /or jaggery. Bengali Sweet curd.",
Ou tenga Maas,A fish curry cooked with elephant apple.,
Pakhala,"Odia Dish with Rice. Fermented rice, yoghurt, salt, seasonings.",
Bhaji,Fried Vegetables.,
Pani Pitha,Sweet Assamese specialty,
Pantua,Assamese sweet similar to Gulab Jamun,
Payokh,Dessert,
Peda,Sweet,
Prawn malai curry,"Curry. Prawns, coconut cream, crushed mustard seed, red chillies. Bengali dish.",
Red Rice,Special local variety of rice.,
Rice,Staple Food.,
Rosgulla,"A dessert with cottage cheese, flour and sugar syrup. Signature Bengali condiment, originating in Bengal with GI",
Sabzi (curry),Different green or other vegetables.,
Shondesh,A dessert with milk and sugar. A signature Bengali Dish,
Shukto,"A Bengali cuisine. Diced potaotes, sweet potatoes, broad beans, eggplant, drumsticks, raw bananas, radish cooked together and sautéed with mustard seeds. This culinary cooked in mustard oil and sometimes shredded coconut can also be used.",
Sunga Pork,Rich spicy pork curry,
Tenga Doi,Sour curd,
Til Pitha,"A sweet Assamese specialty. Rice powder, til, jaggery.",
Aam papad,"A traditional Indian snack, it is a fruit leather made out of mango pulp mixed with concentrated sugar solution and sun dried. It is a part of the South Indian and North Indian cuisine and is available is numerous varieties all over North India.",
Aappam,"Appam (Malayalam: അപ്പം, Tamil: ஆப்பம்) is a pancake made with fermented rice batter and coconut milk. It is a popular food in South Indian states of Kerala and Tamil Nadu. It is also very popular in Sri Lanka, where it is commonly referred to by its anglicized name as ""hopper"".",
Ada,"A traditional delicacy from Kerala and found in Karnataka and Tamil Nadu by different names, it consists of rice parcels encased in a dough made of rice flour, with sweet fillings, steamed in banana leaf and served as an evening snack or as part of breakfast. Grated coconut and rice flour are the two main ingredients.",
Anarsa,"A pastry-like snack commonly associated with the Hindu festival of Diwali in Maharashtra, central and northern India, its ingredients include jaggery (unrefined cane sugar), rice, poppy seed, and ghee (clarified butter).",
Ariselu/Adhirasam/Arisha Pitha,"A traditional sweet made from rice flour, ghee, and jaggery. Popular in Odisha and AndhraPradesh. Eaten as a delicacy during the festive season.",
Baingan bharta,"A South Asian dish bearing a resemblance to baba ganoush, it is a part of the national cuisines of both India and Pakistan. It is primarily a vegetarian dish that comprises bhurtha (minced vegetables) made from eggplant (baingan) which is grilled over charcoal or direct fire, to infuse the dish with a smoky flavour. The smoked eggplant is mashed with fresh cilantro (coriander leaves), chili pepper, onion, and mustard oil.[1] Traditionally, the dish is eaten with an Indian flatbread (specifically roti or paratha) and is also served with rice and/or raita, a yogurt salad. Baingan bartha is also eaten in Bangladesh.",
Banana chips,"Deep-fried and/or dried slices of bananas (fruits of herbaceous plants of the genus Musa of the soft, sweet ""dessert banana"" variety), they can be covered with sugar or honey and have a sweet taste, or they can be fried in oil and spices and have a salty and/or spicy taste.[2]",
Basundi,"An Indian dessert mostly in Bihar, Maharashtra, Gujarat, and Karnataka, it is a sweetened condensed milk made by boiling milk and sugar on low heat until the milk is reduced by half. It is often made on Hindu festivals such as Kali Chaudas and Bhaubeej (Bhai Dooj).",
Batata vada,"A popular Indian vegetarian fast food in Gujarat & Maharashtra, it literally means ""potato fritters"". The name batata means potato. It consists of a potato mash patty coated with chick pea flour, then deep-fried and served hot with savory condiments called chutney. The vada is a sphere, around two to three inches in diameter.",
Bhajia,"A spicy Indian snack, it consists of a core food (like soaked potato or fried onions), similar to potato fritters, with several variants.",
Bhakarwadi,"A crispy sweet and spicy snack, popular in Maharashtra, Gujarat and Rajasthan. It is made from gram flour dough made into spirals stuffed with a mixture of coconut, poppy seeds and sesame seeds.",
Bhelpuri,"A savory Indian snack, it is made of puffed rice, vegetables, and a tangy tamarind sauce.[3] Bhelpuri is often identified with the beaches of Mumbai, such as Chowpatty.[4]",
Bhoonja,"A snack consumed in North India, it is available in several versions under various names across the North Indian plains. Ingredients include specially roasted rice, mixtures of peanuts, various spiced pulses, seb (salty fried beans), coconut dried-ups, spices, salt, and mustard.",
Bikaneri bhujia,"A famous crisp snack, originating from Bikaner, a town in the western state of Rajasthan, it is prepared by using gram flour and spices. Its other ingredients include moth dal, salt, red chilli, black pepper, cardamom, cloves, groundnut oil, etc. The dough is formed into a snack by pressing through a sieve and deep frying in vegetable oil. It is light yellow in colour. It is famously known to be born in Bikaner, and over the years has not just become a characteristic product of Bikaner, but also a generic name.[5]",
Biryani,"A set of rice-based foods made with spices, rice (usually basmati) and chicken, mutton, fish, eggs, or vegetables. The name is derived from the Persian word beryā(n) (بریان) which means ""fried"" or ""roasted"".[6] biryani was invented in the kitchen of Mughal emperors. Lahore, Kashmir, Kolkata, Ambur, Hyderabad, and Delhi/Agra are the main centers of biryani cuisine.",
Bonda,"A South Indian snack, it has various sweet and spicy versions in different regions. The process of making a spicy bonda involves deep-frying potato (or other vegetables) filling dipped in gram flour batter.",
Boondi,"Boondi is a Rajasthani snack food made from sweetened, fried chickpea flour.",
Bhurji- Egg,"Scrambled Eggs, made using Indian spices, Onion, Tomatoes, green chilli, and had with bread, or parathas.",
Bhurji- Paneer,"Bhurji means scrambled. The paneer bhurji is made with tempered spices, chopped onion, tomatoes, green chillis & coriander. also used as filling for sandwiches, or had with breads, paratha.",
Chaat,"Many types and variations of chaat, which is a term describing savory snacks, are typically served at road-side tracks from stalls or food carts.[7][8]",
Chakli/chakodi,"A crunchy Maharashtrian snack, it is typically served hot; it contains rice flour and chilli.",
Chapati,"An unleavened flatbread (also known as roti),[9] it is a common staple of cuisine in South Asia, as well as amongst South Asian expatriates. Versions of the dish are also found in Central Asia and the Horn of Africa, with the laobing flatbread serving as a local variation in China. Chapati is known as doday in Pashto.",
Chole bhature,"A combination of chana masala (spicy chick peas) and fried bread called bhatura (made of maida flour),[10] different varieties of bhature are available, such as aloo bhatura (filled with boiled potato) and paneer bhatura (filled with cottage cheese). Pictured at top is chana masala, and bhatoora is below.",
Chole Kulche,"A North Indian snack, ""Chana"" is a dish made using chickpea, soaked overnight, boiled, and then cooked in a gravy made with onion, tomatoes, garlic, ginger, and fragrant Indian spices. Kulcha is a form of yeast leavened flat bread, baked in oven. A variant also includes Amritsari Kulcha, in which, the bread is made after being stuffed with a potato based filling, and then baked in the coal fired ""tandoor"" oven.",
Dabeli,"A snack food of India, originating in the Kutch or Kachchh region of Gujarat, it is a spicy snack made by mixing boiled potatoes with a dabeli masala, and putting the mixture between ladi-pav (burger bun) and served with chutneys made from tamarind, date, garlic, red chillies, etc. and garnished with pomegranate and roasted peanuts.",
Dal dhokli,,
Dahi puri,"An Indian snack which is especially popular in the state of Maharashtra, it is a form of chaat from the city of Mumbai.[11] It is served with mini-puri shells (golgappa), which are more popularly recognized from the dish pani puri. Dahi puri and pani puri chaats are often sold from the same vendor.",
Dahi vada,"An Indian chaat, prepared by soaking vadas in thick yogurt. To add more flavor, they may be topped with coriander or mint leaves, chillies, crushed black pepper, chaat masala, cumin, shredded coconut, green chillies, or boondi.",
Dahibara Aludam,Dahibara Aludam is a variant of Dahi vada and originated from Cuttack of the state Odisha. [12] It is a type of chaat (snack) from Cuttack and is popular throughout India. The dish is prepared by soaking vadas (fried flour balls) in light dahi (yogurt) water. Then adding Aloo Dam (potato curry) and guguni (pea curry) to it. [13],
Dhokla,"Dhokla is a vegetarian food item, from the Indian state of Gujarat, is made with a fermented batter derived from rice and split chickpeas.",
Dosa,"A fermented crepe or pancake made from rice batter and black lentils,[14] it is indigenous to and is a staple dish in the South Indian states of Andhra Pradesh, Karnataka, Kerala, and Tamil Nadu, as well as being popular in Sri Lanka. Dosa is also popular in Singapore,[15] where the name thosai is more common,[16] and in Myanmar as toshay.",
Flattened rice / pohe,"An easily digestible, dehusked rice which is flattened into flat light dry flakes, these flakes of rice swell when added to liquid, whether hot or cold, as they absorb water, milk, or any other liquids. The thicknesses of these flakes vary between almost translucently thin (the more expensive varieties) to nearly four times thicker than a normal rice grain.",
Gajar ka halwa,"A sweet dessert pudding associated mainly with the state of Punjab in India and Pakistan,[17] it is made by placing grated carrot in a jar containing a specific amount of water, milk, and sugar, and then cooking, stirring regularly. It is often served with a garnish of almonds and pistachios.[18] The nuts and other items used are first sautéed in ghee.[19]",
Gavvalu,,
Ghever,"A Rajasthani sweet traditionally associated with the Teej Festival, it is disc-shaped, and made from ghee, flour, and sugar syrup. The many varieties of ghevar include plain, mawa, and malai ghevar.",
Ghugni,"An evening snack in Eastern India (Assam, Bengal, Bihar, Orissa). Black gram (Kala Chana) or dried yellow peas or dried white peas is cooked with gravy, in the traditional eastern Indian style. It is then served with murmura (puffed rice), and at times with hot onion pakoda/bhajiya.",
Gulab jamun,"A popular cheese-based dessert, similar to a dumpling, popular in countries of the Indian Subcontinent such as India, Pakistan, Sri Lanka, Nepal and Bangladesh. In Nepal it is widely known as Lalmohan, served with or without yogurt, and is a popular dessert on all occasions. It is made mainly from milk solids, traditionally from freshly curdled milk. These milks solids, known as khoya in India, are kneaded into a dough, sometimes with a pinch of flour, and then shaped into small balls and deep fried at a low temperature of about 148 °C.[20] The balls are then soaked in a light sugar syrup flavored with green cardamom and rosewater, kewra or saffron.[21]",
Halva,"Various types of halva from India are distinguished by the region and the ingredients from which they are prepared. The most famous include Thirunelveli halwa, sooji (or suji) halva (semolina),[22] aate ka halva (wheat),[23] moong dal ka halva (mung bean halva),[24] gajar halva (carrot),[25] dudhi halva, chana daal halwa (chickpeas), and Satyanarayan halwa (variation of suji halwa, with the addition of detectable traces of banana), and kaju halva (cashew nut).",
Idli,"A traditional breakfast in all of the South Indian states' cuisines, idli is a savoury cake that has become popular throughout India. The cakes are usually two to three inches in diameter and are made by steaming a batter consisting of fermented black lentils (de-husked) and rice. The fermentation process breaks down the starches so that they are more readily metabolized by the body.",
Indian-mix,"Also known as Bombay mix, the name used in the United Kingdom and Ireland for a traditional Indian snack known as chiwda, chevdo, bhuso (if made without potato), chevda (चिवडा) or chivdo (चिवडो) in India, or Chanāchura (Odia: ଚନାଚୁର) in Odisha and chanachur (চানাচুর) in Bengal. The English name originates from the city of Mumbai (formerly known as Bombay), India. It consists of a variable mixture of spicy dried ingredients, which may include fried lentils, peanuts, chickpea flour noodles, corn, vegetable oil, chickpeas, flaked rice, fried onion and curry leaves.",
Indian omelette,"A version of the omelette found in Indian cuisine. Its main ingredients are eggs, herbs, tomatoes and spices that vary by region. The omelette commonly includes finely chopped green chili peppers and onions (or shallots), finely chopped fresh green coriander, salt, and jeera (cumin), and many variations exist.",
Jalebi,"A sweet popular in countries of the Indian Subcontinent such as India, Pakistan, Sri Lanka, Nepal, and Bangladesh as well as many other countries in the Middle East and North Africa, like Iran, Iraq, Jordan, Syria, Palestine, Lebanon, Egypt, Tunisia and Morocco. It is made by deep-frying a wheat-flour (Maida flour) batter in pretzel or circular shapes, which are then soaked in sugar syrup.",
Jhal-Muŗi (West Bengal),"One of the most popular and iconic snack foods of Bengal, jhal literally means 'hot' or 'spicy'. Jhal-muŗi is puffed rice with spices, vegetables and raw mustard oil. Depending on what is added, there are many kinds of jhal-muŗi but the most common is a bhôrta made of chopped onion, jira roasted ground cumin, bitnoon black salt lôngka / morich chilis (either kacha 'ripe' or shukna 'dried'), mustard oil, and dhone pata (fresh coriander leaves).",
Kachori,"Usually a round flattened ball made of fine flour filled with a stuffing of baked mixture of yellow moong dal or urad dal (crushed and washed horse beans), besan (crushed and washed gram flour), black pepper, red chili powder, salt and other spices. This spicy snack is popular in various areas of India including Uttar Pradesh, Rajasthan, Delhi, Maharashtra, Madhya Pradesh, Gujarat, Bengal and Orissa.[26] It is also a popular snack food in Karachi, Pakistan.",
Kalathappam,"A North Malabar delicacy made of rice flour, jaggery sugar, fried onions or shallots and coconut flakes and either cooked in a pan like a pancake or baked in a traditional oven.[27]",
Kati roll,A street food originating from Kolkata. Its original form was a kati kabab enclosed in a paratha (Indian fried flat bread),
Kebab,"A wide variety of skewered meals originating in the Middle East and later on adopted in the Balkans, the Caucasus, other parts of Europe, as well as Central and South Asia, that are now found worldwide. Pictured are lamb kebabs.",
Kesari,"A sweet dish commonly made in South India. The sweet dish is made with semolina, sugar & ghee. Since a pinch of Saffron(kesari) is added to give the sweet dish an orange color, the sweet dish is names as 'Kesari'",
Khakhra,a popular vegetarian roasted Gujarati Indian thin cracker bread or snack item made from mat bean and wheat flour and oil.[28],
Khaman Dhokla,"A vegetarian food item that originates from the Indian state of Gujarat. It is made with a fermented batter of gram flour (chickpeas).[29] Khaman can be eaten for breakfast, as a main course, as a side dish or as a snack.The final touch to the soft and fluffy khaman is added with a garnishing of sesame seeds, mustard seeds, coriander leaves and even curry leaves. People who savour the taste of coconut may add some grated coconut on the top to enhance the flavour. It is a preferred variant of Dhokla and has a lighter colour.",
Khandvi,"A collective term used for a type of snacks in Gujarati cuisine, from the Indian state of Gujarat.[30] It is made mainly of gram flour and yogurt which is slowly cooked into a paste. The mixture is then spread out to cool, cut, and rolled into scroll shapes. Some are fried items which are then dried and can be stored, others are fresh or steamed.",
Kinnathappam,A very popular traditional sweet cake widely used in North Malabar. Its process of cooking takes a considerable amount of time.[31],
Kosambari,"A salad made from pulses (split legumes) and seasoned with mustard seeds. The pulses generally used are split bengal gram (kadale bele in Kannada) and split Green gram (Hesaru bele in Kannada). These salads are sometimes eaten as snacks, but usually as a part of full course meal in Udupi cuisine.",
Laddoo,A ball-shaped sweet popular in Indian Subcontinent as well as regions with immigrants from the Subcontinent such as Hijaz.[32] Laddu is made of flour and sugar with other ingredients that vary by recipe. It is often served at festive or religious occasions.,
Lukhmi,"A mince savory or starter of the cuisine of Hyderabad, India.[33] The snack's authentic preparation includes stuffing with mutton-mince kheema. It is a non-vegetarian derivative of samosa; it is also shaped into a flat square patty, but the fillings could be different.",
Maddur vada,"Unique to the state of Karnataka, India, they're made with rice flour, semolina and maida flour which is mixed with sliced onion, curry leaves, grated coconut and asafoetida. All the ingredients are fried in small amount of oil and then mixed with water to make a soft dough. A small amount of dough is taken and made into a patty and then deep fried in oil until it turns golden-brown.",
Makka Poha,"A significant part of Indian Gujarati cuisine, they're usually fried in hot oil which puffs them up. It is an important ingredient of the farsan (savoury) chevda.",
Malapua,"A pancake served as a dessert or a snack. The batter for malapua in some areas is prepared by crushing ripe bananas or (in Bangladesh) coconut, adding flour, and water or milk. The mixture is sometimes delicately seasoned with cardamoms. It is deep fried in oil, and served hot. Malpua is a famous dish during the Muslim holy month of Ramadan. Muslim families across India, as well as Pakistan prepare malpuas for iftar (meal to break the fast).",
Mangalore bajji,"As it is referred to in Karnataka (Golibaje in South Canara), Mangalore bajji is a popular food made from maida, curd, rice flour, chopped onion, coriander leaves, coconut, jeera, green chillies, and salt.",
Masala puri,"A type of chaat having originated in Karnataka, it is a snack popular in the Indian states of Karnataka and Tamil Nadu. Crushed puris are soaked in hot masala gravy made up of green peas, chili powder, garam masala, chaat masala, coriander powder, etc. Toppings of small slices of onion and tomato, carrot shavings (optional), coriander leaves and sev are then added, before the dish is served.",
Mirchi Bajji,"A snack famous in Andhra Pradesh and northern Karnataka. It is a spicy snack consisting of chili (mirchi), served hot with tomato sauce or occasionally with mint and tamarind chutney.",
Modak,"A sweet delicacy shaped like a dumpling native to Maharashtra, Gujarat, and Southern India. The sweet filling inside a modak is made up of fresh grated coconut and jaggery, while the soft shell is made from rice flour, or wheat flour mixed with khava or maida flour. The dumpling can be fried or steamed. The steamed version, called ukdiche modak, is eaten hot with ghee. Modak has a special importance in the worship of the Hindu god Ganesh. During the Ganesh worship ceremony, known in India as Ganesh Chaturthi the puja always concludes with an offering of modaks to the deity and as prasad.",
Momo,"A type of dumpling native to Nepal, Tibet, the bordering regions of Bhutan, and the Himalayan states of India including Sikkim and Arunachal Pradesh. It is similar to the Japanese Gyoza, the Mongolian buuz or the Chinese baozi and jiaozi. Different types of meat fillings are popular in different regions.",
Murukku,"A South Indian snack of savory crunchy twists made from rice and urad dal flour.[34] Murukku means twisted in the Tamil language.[35] The town of Manapparai in Tamil Nadu is particularly known for its murukku. These days, Manappari Murukku can be bought online.[36] Murukku is made in many varieties as a traditional treat for festivals such as Diwali and Krishna Janmashtami.[37] Murukku are often served on special occasions within Iyer (Tamil Brahmin) families.[38] Murukku is known by different names across the different South Indian states, and is made from a variety of ingredients.",
Mysore pak,"A sweet dish of Karnataka, India, usually served as a dessert. It is made of generous amounts of ghee (clarified butter), sugar and gram flour. Pak or Paka in Kannada means the sugar syrup; generally paka is also referred to as a dish resembling to nalapaka and bhimapaka.",
Namak para,"A crunchy savory snack, they're ribbon-like strips of pastry delicately seasoned with cumin seeds, carom seeds, and caraway seeds and deep fried in pure ghee (clarified butter).",
Namkeen,"Namkeen or Namkin are Hindi words for savory or salty foods. The word is probably derived from the Hindi word for salt, which is Namak. Khaara, Farsan, Chevda, Sev, Chips, Bhajiya, Mixture are some other names of Namkeen, used in different parts of India. Namkeen of Indore and Ratlam is very famous for its taste.",
Neyyappam,"Neyyappam is a Kerala snack, made of rice flour, ghee, and jaggery.",
Pakora,"Created by taking one or two ingredients such as onion, eggplant, potato, spinach, plantain, paneer, cauliflower, tomato, chili pepper, or occasionally apple[39] or chicken and dipping them in a batter of gram flour, they are then deep-fried. The most popular varieties are palak pakora, made from spinach, paneer pakora, made from paneer (soft cheese), pyaz pakora, made from onion, and aloo pakora, made from potato.",
Pakwan,Crisp snacks,
Palappam,"A Nasrani dish of fermented bread made with rice batter and coconut milk, hence the name palappam (meaning milk bread). It is a staple food and a cultural synonym of the Nasranis of Kerala in coastal south west India. The rice batter for palappam is made on a stone griddle and coconut milk with toddy is used for fermentation. The toddy used for fermentation of the milk bread or palappam yields it the name kallappam, (kall means toddy), while the rice batter and coconut milk gives a white colour to it, yielding the name vellayappam or white bread. The palappam is prepared in an appa kal (mould) and looks like a pancake.",
Paneer tikka,"Made from chunks of paneer marinated in spices and grilled in a tandoor,[40][41] it is a vegetarian alternative to chicken tikka and other meat dishes.[42][43][44] It is a popular dish that is widely available in India and other countries with an Indian diaspora.[45][46]",
Panipuri,"A popular street snack in India, Pakistan, Bangladesh, Sri Lanka, and Nepal, it consists of a round, hollow puri, fried crisp and filled with a mixture of flavored water (pani), tamarind chutney, chili, chaat masala, potato, onion, and chickpeas. It is generally small enough to fit completely into one's mouth. It is a popular street food dish in Mumbai, Delhi, Karachi, Lahore, Dhaka, Kolkata, and Kathmandu.[citation needed]",
Papadum or Papad,"A thin, crisp Indian preparation sometimes described as a cracker, it is typically served as an accompaniment to a meal in India. It is also eaten as an appetizer or a snack, and can be eaten with various toppings such as chopped onions, chutney, or other dips and condiments.",
Papri chaat,"A Pakistani and North Indian fast food, chaat, an Indo-Aryan word which literally means ""lick"", is used to describe a range of snacks and fast-food dishes; papri refers to crisp fried dough wafers made from refined white flour and oil. In papri chaat, the papris are served with boiled potatoes, boiled chick peas, chilis, yogurt, and tamarind chutney and topped with chaat masala and sev.",
Paratha,"A flatbread that originated in the Indian subcontinent in the Pakistani and Indian state of Punjab, paratha is an amalgamation of the words parat and atta, which literally means layers of cooked dough.[47] The paratha dough usually contains ghee or cooking oil which is also layered on the freshly prepared paratha.[48] Parathas are usually stuffed with vegetables such as boiled potatoes (as in aloo ka paratha), leaf vegetables, radishes or cauliflower and/or paneer (South Asian cheese).",
Parotta,"One of the most popular unleavened flat breads in Punjabi North Indian cuisine, Pakistani cuisine, and South Indian cuisine, it is made by pan frying whole wheat dough on a tava.[49]",
Pav Bhaji,"A Maharashtrian fast food dish that originated in Maharashtrain cuisine, it is native to Maharashtra and has now become popular in most metropolitan areas in India, especially in those of central and western Indian states[50] such as Gujarat and Karnataka.[51] Pav in Marathi means a small loaf of bread. Bhaji in Marathi means vegetable dish. Pav bhaji consists of bhaji (a thick potato-based curry) garnished with coriander, chopped onion, and a dash of lemon and lightly toasted pav. The pav is usually buttered on all sides.",
Piyaju,,
Pohe (Maharashtrian),"An Indian fast food prepared in Maharashtra and some Northern States. Northern variants of this dish tend to be sweet, while Maharashtrian pohay tends to be spicy. It is also often served with an extremely spicy curry, locally called 'tarri'. Pohay with tarri is a relished snack in the Vidharbha region of Maharashtra state. Pohay is made of flattened, processed rice, roasted with chili peppers, onions, mustard and cumin seeds and curry leaves (called Kadi-patta).An easily digestible, dehusked rice which is flattened into flat light dry flakes. These flakes of rice swell when added to liquid, whether hot or cold, as they absorb water, milk or any other liquids. The thicknesses of these flakes vary between almost translucently thin (the more expensive varieties) to nearly four times thicker than a normal rice grain.[52]",
Ponganalu,,
Poornalu,A traditional sweet in the Telugu festivals. It is made of rice flour stuffed with jaggery mixed dal paste and dry fruits. It is often served hot with ghee. It is called Poornalu in the Andhra region.,
Pootharekulu,"Pootharekulu is a popular sweet from Atreyapuram, East Godavari, India. 'Pootha' is coating and 'Reku' (plural Rekulu) is sheet in Telugu. Pootharekulu are also known as ‘Paper sweets’ as they give the appearance of folded paper. It is made from a particular rice batter called jaya biyyam (biyyam means rice), powdered sugar and ghee (clarified butter).",
Potato chips,A thin slice of potato that is deep fried or baked until crunchy.,
Puffed rice,"A type of puffed grain made from rice; usually made by heating rice kernels under high pressure in the presence of steam, though the method of manufacture varies widely. Pori (Puffed Rice) has been mentioned in various Tamil literatures as an offering to Hindu deities. Offerings of pori and jaggery made to Vinayagar (Lord Ganesh) are mentioned in the Tiruppugazh, a 15th-century anthology of Tamil religious songs, written by Tamil poet Arunagirinathar. Pori is offered to Hindu gods and goddesses in all poojas in the South Indian states of Kerala and Tamil Nadu.",
Puffs,,
Punugulu,"Punukkulu is an Andhra snack and common street food in Vijayawada and few coastal districts of Andhra Pradesh. Punugulu is a deep fried snack made with rice, urad dal and other spices. They are often served with peanut chutney called as verusanaga chutney or palli chutney or Toordal chutney called as Kandhi Pachadi or they can be served with capsicum peanut chutney.",
Puran Poli,"A traditional type of sweet flatbread made in India in the states of Karnataka, Maharashtra, Gujarat, andhra pradesh and Goa.[53]",
Puri,"Eaten for breakfast or as a snack or light meal, puri is prepared with wheat flour, either atta (whole wheat flour), maida (refined wheat flour), or sooji (coarse wheat flour). A dough of flour and salt is either rolled out in a small circle or rolled out and cut out in small circles and deep fried in ghee or vegetable oil. While deep frying, it puffs up like a round ball because moisture in the dough changes into steam which expands in all directions. When it is golden-brown in color, it is removed and may be served hot or saved for later use (as with the snack food pani puri).",
Puri bhaji,"A Pakistani and Indian dish made up of puri and aloo bhaji. The puris are made up of flat rounds of flour which are deep fried, served with a spiced potato dish which could be dry or curried.[54] It is a traditional breakfast dish in North India.[55]",
Ros omelette,"Ros omelette is a famous snack in Goan cuisine. Ros means gravy in Konkani and is a spicy gravy of either chicken or chickpeas. The omelette is a version which contains eggs, herbs, finely chopped green chili peppers, onions (or shallots), finely chopped fresh green coriander, and salt although many variations exist depending on price point. The omelette is fried separately after beating the egg with the above ingredients while the ros is cooked separately before hand. While serving the hot ros is poured over a freshly fried omelette and served with a couple of Goan pão (or Goan bread).",
Sabudana vada,"A traditional deep fried snack from Maharashtra, India. It is often served with spicy green chutney and along with hot chai and is best eaten fresh.[56] The methods of preparation are simple, but time consuming, as the main ingredients used in preparation of Sabudana vada require some processing. For example, sabudana (sago), the main constituent of vada, needs to be soaked overnight; potatoes need to boiled, peeled and then mashed; and peanuts need to be roasted and ground to a coarse powder after removing their husks. Additional ingredients of sabudana vada include red chili, green chilies and coriander leaves (finely chopped), salt and vegetable oil (for deep frying).",
Sakinalu,"A special type of snack prepared in Telangana, parts of Guntur District and very popular in all districts of Telangana Region.[57][58] It is essentially made up of rice flour and with small amount of spices, sesame seeds, carom Seeds (ajwain), and salt. It is prepared during Makar Sankranti festival by all people irrespective of Caste and Creed.[59] Sakinalu are also given to the groom's by the bride's parents for distributing among their relatives and friends.[60]",
"Samosa, also known as tikona","A fried or baked pastry with a savory filling, such as spiced potatoes, onions, peas, lentils, ground lamb, ground beef or ground chicken. The size, shape and consistency may vary, but typically, they are distinctly triangular. Samosas are often accompanied by chutney.[61] They are a popular appetizer or snack in South Asia, Southeast Asia, Central Asia and Southwest Asia, the Arabian Peninsula, the Mediterranean, the Horn of Africa, North Africa, and South Africa.",
Sandwich,"A food item consisting of two or more slices of bread with one or more fillings between them.[62][63][64] Sandwiches are a widely popular type of lunch food, typically taken to work, school, or picnics to be eaten as part of a packed lunch. They generally contain a combination of salad vegetables, meat, cheese, and a variety of sauces or savoury spreads.",
Sarva Pindi,"Prepared from a rice flour, ground nuts, salt, onion garlic paste etc. the mixture is made into atta and then stick this to a tawa in a circle shape and toast until turns into golden color. It is traditionally enjoyed as a dish in Telangana state.[65]",
Sev mamra,"A mixture of spicy dry ingredients such as puffed rice, savoury noodles (sev) and peanuts. It is available in most parts of India, though it is known by different names in different regions.",
Shankarpali,"Shankarpali, which is also known as Sakkarpara, is prepared from a dough of milk, sugar, ghee, maida, semolina and salt, the mixture is made into dough and then cut into diamond shaped pieces which are deep fried in ghee or butter.[66] It is traditionally enjoyed as a treat on the Diwali holiday.",
Shrikhand,"A sweet dish made of strained yogurt.[67] It is one of the main desserts in Gujarati Cuisine & Maharashtrian cuisine. Preparation of this dish is very simple but it takes some time to process yogurt properly. The strained yogurt, referred to as ""Chakka"", and sugar are mixed thoroughly in a deep bowl. Cardamom, saffron, and any other flavors are then added and mixed. It is then left in the refrigerator for the sugar to dissolve. The dish is served chilled.",
Tele-bhaja (Bengal),Pictured are Bengali fritters (tele bhaja) made with different vegetables and besan.,
Upma,"Upma' or 'Uppuma' or 'Uppittu' is a common South Indian and Sri Lankan Tamil breakfast dish, cooked as a thick porridge from dry roasted semolina or coarse rice flour. Various seasonings and/or vegetables are often added during the cooking, depending on individual preferences.",
Vada pav (Maharashtrian),"A popular vegetarian fast food dish native to the Indian state of Maharashtra. It consists of a batata vada sandwiched between 2 slices of a pav. The compound word batata vada refers in Marathi to a vada (fritter) made out of batata, the latter referring to a potato. Pav refers to unsweetened bread or bun.",
Vadai,"A savory fritter-type snack from South India,[68] vadai is a traditional South Indian food known from antiquity.[69] The snack's main ingredients typically include lentils, potatoes and onions, and many variations exist.",